Nummer,Art,Datum,Name,Wahlberechtigte,Waehler,Ungueltig,Gueltig,CDU,SPD,Linke,Gruene,FDP,AfD,BSW,NPD,Piraten,Partei,FW,Parteilos
12051,kreisefreie Stadt,26.05.2019,"Brandenburg an der Havel, Stadt","60,651","29,159",619,"84,675","22,647","14,329","11,006","11,729","3,847","11,988",NA,0,0,0,"9,129",0
12052,kreisefreie Stadt,26.05.2019,"Cottbus, Stadt","81,387","45,829",880,"133,418","22,948","20,819","18,344","12,182","5,429","29,739",NA,"1,073",0,0,"7,882",0
12053,kreisefreie Stadt,26.05.2019,"Frankfurt (Oder), Stadt","48,215","23,428",541,"67,284","13,387","6,925","15,307","8,077","3,398","12,626",NA,0,697,"2,399","2,465",0
12054,kreisefreie Stadt,26.05.2019,"Potsdam, Stadt","141,443","88,055","1,124","258,636","32,078","49,898","46,761","48,739","12,620","24,508",NA,0,0,"3,955","2,985",214
12060,Landkreis 60,26.05.2019,Barnim,"156,586","90,830","1,817","263,788","42,791","35,060","41,851","28,627","10,691","39,581",NA,0,0,"6,498","34,723",727
12061,Landkreis 61,26.05.2019,Dahme-Spreewald,"142,521","88,161","2,032","253,953","38,507","51,402","31,808","28,096","13,475","43,351",NA,0,0,0,"8,869",0
12062,Landkreis 62,26.05.2019,Elbe-Elster,"88,556","52,933","1,447","152,042","38,076","18,895","15,505","5,324","5,177","26,250",NA,"1,357",0,0,"7,222",0
12063,Landkreis 63,26.05.2019,Havelland,"137,139","80,109","1,710","231,879","47,007","42,218","27,492","31,862","13,835","32,958",NA,"2,183",0,0,"12,508","1,277"
12064,Landkreis 64,26.05.2019,Märkisch-Oderland,"165,451","97,111","2,287","280,070","43,523","46,723","49,157","31,447","15,192","49,541",NA,"1,552",0,0,"15,452",210
12065,Landkreis 65,26.05.2019,Oberhavel,"179,307","107,787","2,330","312,315","59,152","55,834","38,315","39,967","16,256","46,130",NA,"2,871","4,647","2,493","20,457",0
12066,Landkreis 66,26.05.2019,Oberspreewald-Lausitz,"95,856","53,761","1,399","154,890","30,217","33,272","19,763","9,019","5,622","30,431",NA,"2,253",0,0,"5,763",0
12067,Landkreis 67,26.05.2019,Oder-Spree,"153,127","89,147","2,105","258,370","40,078","48,378","40,622","22,561","14,337","47,643",NA,"3,141","3,573",0,"22,108",0
12068,Landkreis 68,26.05.2019,Ostprignitz-Ruppin,"85,424","45,110",967,"130,620","26,283","23,410","21,096","13,015","4,707","16,609",NA,0,0,0,"7,362",0
12069,Landkreis 69,26.05.2019,Potsdam-Mittelmark,"180,274","116,535","2,742","335,958","69,546","64,144","37,189","54,361","19,390","38,107",NA,"1,868",0,0,"25,541","1,373"
12070,Landkreis 70,26.05.2019,Prignitz,"66,525","36,422",816,"105,323","19,964","20,083","13,113","7,844","6,920","13,969",NA,0,0,0,"11,048",619
12071,Landkreis 71,26.05.2019,Spree-Neiße,"99,716","60,552","1,378","174,796","35,897","26,234","21,482","8,098","8,643","46,366",NA,"1,376",373,0,"5,378",0
12072,Landkreis 72,26.05.2019,Teltow-Fläming,"142,596","83,155","1,857","240,874","40,236","44,339","36,830","24,695","8,548","37,899",NA,897,0,"4,005","16,959",0
12073,Landkreis 73,26.05.2019,Uckermark,"104,272","55,624","1,367","160,543","34,764","33,973","21,165","12,291","9,883","24,662",NA,"1,948",0,0,"11,501",0
12051,kreisfreie Stadt,09.06.2024,"Brandenburg an der Havel, Stadt",60140,34857,684,101800,23990,18990,7318,9087,2863,24228,,0,0,0,9642,616
12052,kreisfreie Stadt,09.06.2024,Cottbus,78002,48855,742,143163,22881,28125,10168,7060,2916,41895,,0,0,0,6185,0
12053,kreisfreie Stadt,09.06.2024,"Frankfurt (Oder), Stadt",46792,27238,547,78848,18030,9990,12449,4802,2971,22600,,0,0,3871,4135,0
12054,kreisfreie Stadt,09.06.2024,"Potsdam, Stadt",143118,100728,1665,295020,43494,57258,25778,42804,13155,40321,,0,0,7837,8686,485
12060,Landkreis 60,09.06.2024,Barnim,160866,109239,2173,316736,54619,34655,34432,21939,8745,77820,,0,0,8363,38362,2023
12061,Landkreis 61,09.06.2024,Dahme-Spreewald,147055,98434,1775,285987,47296,52854,17259,14899,7229,73333,,0,0,3598,15980,2588
12062,Landkreis 62,09.06.2024,Elbe-Elster,84597,58279,1283,168865,37530,17618,8108,3187,3428,46516,,0,0,0,10799,1519
12063,Landkreis 63,09.06.2024,Havelland,140520,88073,1737,256125,62588,45462,18030,20988,9194,63132,,0,3028,5833,11713,0
12064,Landkreis 64,09.06.2024,Märkisch-Oderland,167129,111569,2436,324689,51248,47822,30647,20383,13482,94170,,0,0,0,29987,0
12065,Landkreis 65,09.06.2024,Oberhavel,182090,122033,2158,355528,73412,60335,23035,27761,15179,90113,,0,5700,2076,21040,4389
12066,Landkreis 66,09.06.2024,Oberspreewald-Lausitz,91252,58332,1235,167439,29406,28583,12614,5058,4541,53217,,2833,0,0,8397,1003
12067,Landkreis 67,09.06.2024,Oder-Spree,151961,101132,2170,292883,46710,54847,20865,13047,9383,88562,,2694,2811,0,24290,3742
12068,Landkreis 68,09.06.2024,Ostprignitz-Ruppin,84328,53852,1131,156277,34612,22728,13298,9654,2133,40766,,0,0,0,12817,1206
12069,Landkreis 69,09.06.2024,Potsdam-Mittelmark,184247,129943,2325,378134,95233,71202,26124,42183,17499,72744,,0,9100,0,38501,1508
12070,Landkreis 70,09.06.2024,Prignitz,64101,40228,925,116607,22414,17119,9488,4173,2661,28087,,0,0,0,8923,0
12071,Landkreis 71,09.06.2024,Spree-Neiße,95769,64716,1604,186779,37600,24316,12716,4002,6248,71265,,0,0,1365,9807,0
12072,Landkreis 72,09.06.2024,Teltow-Fläming,146508,93370,1862,271648,51872,52902,23586,14365,6581,64089,,0,0,4507,28261,655
12073,Landkreis 73,09.06.2024,Uckermark,101127,65225,1419,189165,34257,32585,13658,7299,4321,58776,,680,0,2022,15333,2718
13003,kreisfreie Stadt,26.05.2019,Rostock,173650,102304,4179,293275,42422,42269,58405,55616,9645,28294,NA,1633,1714,7373,3790,3779
13004,kreisfreie Stadt,26.05.2019,Schwerin,78449,45526,1204,132816,22819,22860,20601,16064,5274,20071,NA,0,0,4028,0,464
13071,Landkreis,26.05.2019,Mecklenburgische Seenplatte,221511,120084,8499,343006,97992,51560,58872,31039,17340,56607,NA,3517,2006,336,13624,3551
13072,Landkreis,26.05.2019,Rostock,182125,108998,6877,311968,91874,48174,50217,28017,17207,41257,NA,3481,0,0,18543,8473
13073,Landkreis,26.05.2019,Vorpommern-Rügen,192533,104468,7499,298296,87185,28846,48760,30388,11388,44503,NA,2337,0,0,6685,0
13074,Landkreis,26.05.2019,Nordwestmecklenburg,132268,78417,5011,224859,51713,48210,36959,21956,10232,27912,NA,2828,3138,0,4012,3578
13075,Landkreis,26.05.2019,Vorpommern-Greifswald,201181,113612,8571,326163,95193,34162,41912,27127,10831,55158,NA,9256,0,0,7845,4336
13076,Landkreis,26.05.2019,Ludwigslust-Parchim,181561,106332,6668,305074,79132,67225,49573,19007,14379,38153,NA,5290,0,0,6507,2242
13003,kreisfreie Stadt,09.06.2024,Rostock,171500,105708,3477,308567,50198,43454,44429,34394,10957,54079,28970,0,0,6788,4374,3385
13004,kreisfreie Stadt,09.06.2024,Schwerin,78517,50842,2109,147473,29051,24749,15113,10088,5388,38352,0,0,0,4876,0,4318
13071,Landkreis,09.06.2024,Mecklenburgische Seenplatte,217691,138507,6952,398997,95090,48090,26032,15844,9980,118802,56433,2264,0,0,9048,2221
13072,Landkreis,09.06.2024,Rostock,183146,122695,7312,352733,97019,49001,31401,14324,11665,89854,0,2198,0,0,11029,10613
13073,Landkreis,09.06.2024,Vorpommern-Rügen,191670,118084,7790,338252,97612,25553,31846,16846,9182,86872,0,1829,0,3622,5659,5179
13074,Landkreis,09.06.2024,Nordwestmecklenburg,132757,87247,4986,252954,57008,45250,23919,14458,7159,64221,0,1790,3846,0,5493,1748
13075,Landkreis,09.06.2024,Vorpommern-Greifswald,198396,128184,7659,365827,87570,28693,22139,21832,7391,108191,37132,3496,0,3639,4292,2527
13076,Landkreis,09.06.2024,Ludwigslust-Parchim,177941,116604,5901,336574,87813,52440,25950,10580,9222,80464,30684,0,0,0,5895,2581
16051,kreisfreie Stadt,26.05.2019,Erfurt,172389,100724,3232,289922,56789,49627,47742,34318,15513,43069,NA,0,5472,0,14454,
16052,kreisfreie Stadt,26.05.2019,Gera,78537,44228,1420,126400,16280,8091,23155,8483,3440,36344,NA,1169,0,3418,4129,
16053,kreisfreie Stadt,26.05.2019,Jena,84990,53661,1121,155905,19649,19665,31728,30189,20003,15617,NA,0,0,0,5345,
16054,kreisfreie Stadt,26.05.2019,Suhl,31916,17446,361,50782,14974,6023,9291,2890,1660,6133,NA,0,0,0,9811,
16055,kreisfreie Stadt,26.05.2019,Weimar ,51736,31841,1155,91182,15972,12050,14812,16830,3322,10074,NA,0,1797,0,0,
NA,kreisfreie Stadt,26.05.2019,Eisenach,34446,19960,351,57981,11985,6871,12542,5985,2587,6766,NA,5886,0,0,0,
16061,Landkreis,26.05.2019,Eichsfeld,84049,54047,1500,155414,75510,7882,10739,8697,5898,21002,NA,2538,0,0,12070,
16062,Landkreis,26.05.2019,Nordhausen,71062,41414,1383,118458,29712,18669,21757,8488,8163,22139,NA,1329,0,0,0,
16063,Landkreis,26.05.2019,Wartburgkreis,101941,62540,2155,178634,64125,15714,24351,9169,5936,29506,NA,4074,0,0,22929,
16064,Landkreis,26.05.2019,Unstrut-Hainich-Kreis,86696,50906,1518,146637,38024,27594,17218,9839,7990,25405,NA,0,0,0,20567,
16065,Landkreis,26.05.2019,Kyffhäuserkreis,64460,39240,1418,107943,26535,25399,18326,3591,3205,19073,NA,3491,0,0,8323,
16066,Landkreis,26.05.2019,Schmalkalden-Meiningen,107542,64540,2043,184781,48280,44224,19467,13561,10592,33737,NA,0,2213,0,12707,
16067,Landkreis,26.05.2019,Gotha,114037,65425,2135,187569,47396,49747,19415,12424,6058,33832,NA,1707,0,0,16990,
16068,Landkreis,26.05.2019,Sömmerda,59228,35804,1307,101895,37755,8121,17268,5882,4975,18764,NA,1604,0,0,7526,
16069,Landkreis,26.05.2019,Hildburghausen,54089,34484,1072,99242,28167,9429,15024,3995,3282,12222,NA,0,0,0,18623,
16070,Landkreis,26.05.2019,Ilm-Kreis,88590,54706,1712,157319,37859,14907,26448,13028,6249,32150,NA,0,0,0,26678,
16071,Landkreis,26.05.2019,Weimarer Land,68754,44473,1687,127144,42676,8414,13589,8510,5201,22354,NA,1504,0,0,15928,
16072,Landkreis,26.05.2019,Sonneberg,50324,28224,672,81644,30434,7072,16261,3345,3758,19598,NA,1176,0,0,0,
16073,Landkreis,26.05.2019,Saalfeld-Rudolstadt,90284,54340,1918,154292,35371,24437,16875,8287,9507,34344,NA,0,0,0,0,
16074,Landkreis,26.05.2019,Saale-Holzland-Kreis,70515,45873,1521,130876,38968,9339,19484,8449,7427,21374,NA,0,0,0,0,
16075,Landkreis,26.05.2019,Saale-Orla-Kreis,69133,43198,1289,124238,39638,10642,16615,4960,7127,25612,NA,0,0,0,0,
16076,Landkreis,26.05.2019,Greiz,85021,53769,1587,154345,56631,13787,18476,6549,5282,31545,NA,0,0,0,0,
16077,Landkreis,26.05.2019,Altenburger Land,77866,43361,1530,123424,34723,18791,17997,4809,5570,27938,NA,0,0,0,0,
16063,Landkreis,20.06.2021,Wartburgkreis,134249,60371,1398,175654,60939,20056,23824,8101,7711,26548,NA,0,0,0,25749,
16051,kreisfreie Stadt,26.05.2024,Erfurt,169887,100530,3251,289086,71551,46834,42733,21721,7296,58911,0,0,4831,0,6111,
16052,kreisfreie Stadt,26.05.2024,Gera,75091,44012,1533,124756,20447,7399,15345,4148,1612,43749,0,0,0,2442,0,
16053,kreisfreie Stadt,26.05.2024,Jena,82605,52054,1521,150734,25479,19622,25354,22966,13590,20149,0,0,0,0,2452,
16054,kreisfreie Stadt,26.05.2024,Suhl,30226,17339,539,49777,18541,3014,5352,1810,1161,11825,0,0,0,0,5717,
16055,kreisfreie Stadt,26.05.2024,Weimar,50968,30776,1123,88373,17581,12520,12227,13579,2414,12099,0,0,1195,0,0,
16061,Landkreis,26.05.2024,Eichsfeld,86605,57346,1939,163962,73772,5240,5277,4291,4992,33734,0,963,0,0,21173,
16062,Landkreis,26.05.2024,Nordhausen,67318,39434,1614,112029,26247,14316,12343,4100,4551,37315,0,653,0,0,0,
16063,Landkreis,26.05.2024,Wartburgkreis,130746,80629,2463,232077,72696,23354,13788,7160,3654,61859,24155,5097,0,0,19527,
16064,Landkreis,26.05.2024,Unstrut-Hainich-Kreis,79768,49988,1468,144061,31418,31737,9218,3914,3049,34022,0,0,0,0,25273,
16065,Landkreis,26.05.2024,Kyffhäuserkreis,61369,37836,1728,106925,25403,25935,10625,1281,1174,33392,0,3354,0,0,5761,
16066,Landkreis,26.05.2024,Schmalkalden-Meiningen,102947,65242,2437,186382,45687,44613,11186,4924,5993,51601,0,0,2549,0,15638,
16067,Landkreis,26.05.2024,Gotha,110947,68477,2405,195848,45080,45070,7884,5416,3217,53281,24249,0,0,0,11651,
16068,Landkreis,26.05.2024,Sömmerda,57600,37289,1638,104677,35905,5696,14491,2138,1690,33735,0,715,0,0,5373,
16069,Landkreis,26.05.2024,Hildburghausen,51304,34567,948,100104,23344,4801,6741,0,2620,18070,0,0,0,0,24587,
16070,Landkreis,26.05.2024,Ilm-Kreis,85607,56097,1848,161168,38475,13715,18534,8839,3989,49793,0,0,0,0,27823,
16071,Landkreis,26.05.2024,Weimarer Land,67702,44219,1990,125506,42535,9081,9340,4617,3837,33078,0,834,0,0,11190,
16072,Landkreis,26.05.2024,Sonneberg,47768,28872,701,83729,20098,3211,7128,1002,1245,29085,6347,0,0,0,4315,
16073,Landkreis,26.05.2024,Saalfeld-Rudolstadt,85355,52737,1684,151604,40222,21630,11073,3613,4829,28638,0,0,0,0,0,
16074,Landkreis,26.05.2024,Saale-Holzland-Kreis,69010,47578,1707,135715,36701,8013,15117,4476,3318,36577,0,0,0,0,0,
16075,Landkreis,26.05.2024,Saale-Orla-Kreis,65939,41939,1207,120900,43761,0,10017,2318,4400,40522,0,0,0,0,0,
16076,Landkreis,26.05.2024,Greiz,80976,54597,1805,156813,56940,8732,7210,3076,2203,42060,17420,0,0,0,8205,
16077,Landkreis,26.05.2024,Altenburger Land,73887,43371,1472,122814,33556,14212,12946,2399,2499,38458,0,0,0,0,0,
14511,kreisfreie Stadt,09.06.2024,Chemnitz,"189,189","123,673","1,837","355,238","75,725","43,905","26,984","25,814","12,756","86,198","53,438",0,0,"10,212",,
14612,kreisfreie Stadt,09.06.2024,Dresden,"429,280","303,717","3,817","876,498","157,497","78,671","68,051","127,962","24,467","170,161","62,934",0,"27,729","16,373",,
14713,kreisfreie Stadt,09.06.2024,Leipzig,"472,669","318,696","4,164","915,637","173,427","110,543","160,510","137,587","24,871","155,582","88,034",0,"9,802","31,860",,
14521,Landkreis,09.06.2024,Erzgebirgskreis,"269,933","185,906","4,222","520,661","152,446","23,242","22,770","10,296","9,352","153,288","31,370",0,0,0,,
14522,Landkreis,09.06.2024,Mittelsachsen,"243,355","166,864","3,266","468,948","125,205","31,009","25,606","15,325","10,404","141,999","13,135",0,0,0,,
14523,Landkreis,09.06.2024,Vogtlandkreis,"182,437","119,716","3,134","334,072","91,470","24,062","14,110","8,392","17,263","94,698","44,126",0,0,0,,
14524,Landkreis,09.06.2024,Zwickau,"252,910","167,574","4,032","469,154","127,736","25,374","19,423","14,012","15,046","137,559","46,966",0,0,"1,221",,
14625,Landkreis,09.06.2024,Bautzen,"241,794","166,791","3,948","465,722","126,884","27,566","16,246","12,937","10,432","162,067","41,853",0,0,"1,666",,
14626,Landkreis,09.06.2024,Görlitz,"205,428","135,141","2,858","377,499","88,941","9,763","12,449","11,632","6,191","136,285","39,165",0,0,0,,
14627,Landkreis,09.06.2024,Meißen,"196,442","134,325","2,948","375,412","109,363","19,841","13,875","16,510","13,820","120,287","37,378",0,0,0,,
14628,Landkreis,09.06.2024,Sächsische Schweiz-Osterzgebirge,"198,971","139,001","3,026","390,561","97,980","15,136","14,589","13,871","7,846","122,539","44,442",0,0,0,,
14729,Landkreis,09.06.2024,Leipzig,"212,681","145,484","2,526","410,353","102,607","47,754","24,491","16,865","9,533","111,533","29,576",0,0,0,,
14730,Landkreis,09.06.2024,Nordsachsen,"161,975","105,639","2,356","294,641","82,871","38,560","14,628","8,828","10,266","92,711",0,0,0,0,,
14511,kreisfreie Stadt,26.05.2019,Chemnitz,"196,515","120,385","1,837","346,690","69,195","40,357","58,009","39,908","25,623","62,053",NA,0,"6,817","10,260",,
14612,kreisfreie Stadt,26.05.2019,Dresden,"436,179","291,997","3,937","837,617","153,022","73,627","135,613","171,630","62,613","143,207",NA,"4,744","20,516","15,268",,
14713,kreisfreie Stadt,26.05.2019,Leipzig,"466,442","278,667","3,751","801,752","140,585","99,022","171,423","165,683","38,481","119,616",NA,0,"11,512","30,764",,
14521,Landkreis,26.05.2019,Erzgebirgskreis,"283,825","181,691","4,193","508,153","162,230","29,289","55,765","25,839","23,903","109,167",NA,"11,004",0,0,,
14522,Landkreis,26.05.2019,Mittelsachsen,"254,000","161,482","3,340","454,668","126,407","40,362","50,354","24,919","23,126","99,893",NA,"4,341",0,0,,
14523,Landkreis,26.05.2019,Vogtlandkreis,"191,548","115,838","3,274","322,816","98,335","32,294","40,142","19,729","31,675","61,738",NA,0,0,0,,
14524,Landkreis,26.05.2019,Zwickau,"265,800","158,976","3,934","444,496","131,897","32,091","64,124","27,485","27,053","87,588",NA,"4,923",0,0,,
14625,Landkreis,26.05.2019,Bautzen,"250,505","161,726","4,102","450,097","130,875","37,842","46,518","22,911","27,705","132,352",NA,0,0,0,,
14626,Landkreis,26.05.2019,Görlitz,"214,122","132,437","3,311","368,485","93,738","18,447","33,513","22,906","12,764","107,197",NA,"3,714",0,"1,793",,
14627,Landkreis,26.05.2019,Meißen,"201,204","127,865","3,004","357,846","110,322","24,061","36,435","28,485","24,139","93,037",NA,"4,822",0,0,,
14628,Landkreis,26.05.2019,Sächsische Schweiz-Osterzgebirge,"202,929","134,471","2,740","378,341","110,028","20,408","38,011","28,194","19,517","105,533",NA,"8,044",0,0,,
14729,Landkreis,26.05.2019,Leipzig,"214,727","131,503","2,846","370,541","86,317","49,774","49,233","24,777","20,336","79,368",NA,0,0,0,,
14730,Landkreis,26.05.2019,Nordsachsen,"164,478","94,491","2,639","264,824","76,607","42,056","25,952","14,210","14,829","51,411",NA,"3,493",0,0,,
15001,Kreisfreie Stadt ,26.05.2019,Dessau-Roßlau,68645,36938,664,106747,24353,9743,15562,10802,4982,17885,NA,0,,0,0,0
15002,Kreisfreie Stadt,26.05.2019,Halle (Saale),191030,108148,1796,314772,54831,35489,55951,51239,16904,44028,NA,738,,10760,6568,0
15003,Kreisfreie Stadt ,26.05.2019,Magdeburg,193826,103541,1547,300393,55969,50794,45922,46127,16157,43200,NA,0,,2548,0,0
15081,Landkreis ,26.05.2019,Altmarkkreis Salzwedel,71575,39656,673,114953,30857,17737,20507,8953,6515,16883,NA,0,,0,0,0
15082,Landkreis ,26.05.2019,Anhalt-Bitterfeld,139273,68286,1723,196833,51045,22657,27267,9600,11705,36741,NA,899,,0,0,0
15083,Landkreis ,26.05.2019,Börde,146672,77412,1943,222309,64232,34875,27728,14144,14990,36041,NA,0,,0,0,0
15084,Landkreis ,26.05.2019,Burgenlandkreis,156192,83632,2084,241033,67985,30140,28127,13313,11995,41733,NA,5920,,0,0,2025
15085,Landkreis ,26.05.2019,Harz,187048,99055,2772,281745,86216,41132,48184,28323,11528,39744,NA,0,,0,4370,440
15086,Landkreis ,26.05.2019,Jerichower Land,77836,42162,1182,120991,29325,22196,17125,8425,7649,17705,NA,0,,0,0,0
15087,Landkreis ,26.05.2019,Mansfeld-Südharz,118620,63242,1822,181287,34475,26184,28794,5932,9266,34965,NA,0,,0,0,1048
15088,Landkreis ,26.05.2019,Saalekreis,158778,89600,2608,256945,69800,30976,38811,17207,23013,54296,NA,1630,,0,0,0
15089,Landkreis ,26.05.2019,Salzlandkreis,164798,81766,2380,233742,61678,33985,35361,13453,23241,39647,NA,0,,0,1989,0
15090,Landkreis ,26.05.2019,Stendal,95553,51536,1128,148780,36274,15099,24556,8127,8421,24191,NA,0,,0,0,0
15091,Landkreis ,26.05.2019,Wittenberg,109789,62266,1257,179519,46110,24858,23036,8171,4558,29491,NA,1790,,0,35820,670
15001,Kreisfreie Stadt ,09.06.2024,Dessau-Roßlau,64726,39401,705,113971,25112,10649,9096,6243,3276,29028,,0,,0,0,2533
15002,Kreisfreie Stadt,09.06.2024,Halle (Saale),186061,113268,1799,329535,67804,39081,40831,37541,11852,69813,,0,,10783,6011,1592
15003,Kreisfreie Stadt ,09.06.2024,Magdeburg,187588,109729,1620,319022,75972,47852,32549,30119,13141,72626,,0,,0,1093,809
15081,Landkreis ,09.06.2024,Altmarkkreis Salzwedel,68788,43295,776,126153,31882,22233,11447,4327,3421,34149,,0,,0,0,0
15082,Landkreis ,09.06.2024,Anhalt-Bitterfeld,133609,80435,1843,232900,60368,20597,22467,6779,9891,76308,,0,,0,16683,0
15083,Landkreis ,09.06.2024,Börde,143417,88857,2033,256919,79284,33147,16377,7087,7580,72196,,0,,0,0,1355
15084,Landkreis ,09.06.2024,Burgenlandkreis,148302,89379,1955,258768,78177,24773,15076,5643,5675,75614,,2465,,0,3331,2565
15085,Landkreis ,09.06.2024,Harz,178458,109190,2504,313895,95786,40952,25409,13938,7885,81300,,0,,0,18918,0
15086,Landkreis ,09.06.2024,Jerichower Land,76116,48446,1062,139856,38762,19835,9137,4635,6415,40292,,0,,814,0,544
15087,Landkreis ,09.06.2024,Mansfeld-Südharz,112335,66317,1403,192055,41083,23600,14808,2339,3934,60287,,0,,0,0,2285
15088,Landkreis ,09.06.2024,Saalekreis,155155,99427,2084,288337,91149,27983,22126,8704,10791,98225,,0,,0,0,0
15089,Landkreis ,09.06.2024,Salzlandkreis,156394,89848,2345,258500,69418,28687,21014,6722,16981,78151,,0,,0,0,1088
15090,Landkreis ,09.06.2024,Stendal,91304,57909,1037,168577,41674,17042,11071,4517,4441,53185,,0,,0,0,0
15091,Landkreis ,09.06.2024,Wittenberg,105217,66218,1293,192256,57575,22217,14010,4362,3751,54130,,1539,,0,28427,0
1001,Kreisfreie Stadt,06.05.2018,Flensburg,76827,27322,288,27034,5233,4930,2021,5088,2087,0,,0,0,0,0,0
1002,Kreisfreie Stadt,06.05.2018,Kiel,196334,89925,766,89159,20987,26617,6437,18215,5764,5293,,0,1011,2278,0,36
1003,Kreisfreie Stadt,06.05.2018,Lübeck,175725,60255,527,59728,14779,16494,2898,9198,2486,3030,,0,0,1511,1461,0
1004,Kreisfreie Stadt,06.05.2018,Neumünster,64839,22786,263,22523,7665,6163,959,3686,1318,0,,879,120,0,0,0
1051,Kreis,06.05.2018,Dithmarschen,112085,54983,719,54264,21642,10976,1899,4956,4914,3011,,0,0,0,0,0
1053,Kreis,06.05.2018,Herzogtum Lauenburg,160872,79081,1052,78029,27985,19381,2988,14138,5317,5975,,0,0,223,1899,0
1054,Kreis,06.05.2018,Nordfriesland,139526,71348,971,70377,26180,13817,1821,9727,3494,2545,,0,0,0,0,0
1055,Kreis,06.05.2018,Ostholstein,173861,81725,1176,80549,30177,19947,472,13063,6020,4844,,0,0,0,2212,0
1056,Kreis,06.05.2018,Pinneberg,255762,119157,1176,117981,41876,28780,5003,21599,9432,8220,,0,0,0,0,0
1057,Kreis,06.05.2018,Plön,108909,59632,788,58844,20756,13587,2043,11666,3124,3360,,0,0,0,0,0
1058,Kreis,06.05.2018,Rendsburg-Eckernförde,227625,122131,1614,120517,48093,27673,4047,19207,6909,4953,,0,0,969,0,0
1059,Kreis,06.05.2018,Schleswig-Flensburg,166828,86515,1080,85435,32944,17209,2332,12887,3703,3151,,0,0,0,3225,0
1060,Kreis,06.05.2018,Segeberg,223830,97823,1256,96567,35687,20726,3618,14537,7917,7262,,0,0,0,2831,0
1061,Kreis,06.05.2018,Steinburg,109528,53970,797,53173,20885,11262,2066,7615,3959,3220,,0,0,0,1038,841
1062,Kreis,06.05.2018,Stormarn,198878,96262,1099,95163,34121,20596,4136,17956,7960,6285,,0,0,0,1812,0
1001,Kreisfreie Stadt,14.05.2023,Flensburg,77296,27625,219,27406,5248,3703,1133,6470,1553,0,,0,0,0,0,
1002,Kreisfreie Stadt,14.05.2023,Kiel,192104,88308,560,87748,20135,19289,4257,23806,3957,5250,,0,0,2427,0,
1003,Kreisfreie Stadt,14.05.2023,Lübeck,173810,72238,943,71295,17041,16375,2226,16104,4027,6118,,0,12,1268,1265,
1004,Kreisfreie Stadt,14.05.2023,Neumünster,63882,25573,298,25275,7404,6335,639,3214,1903,1187,,0,0,0,0,
1051,Kreis,14.05.2023,Dithmarschen,112374,58823,921,57902,22310,9956,1400,5034,6622,6206,,0,26,0,0,
1053,Kreis,14.05.2023,Herzogtum Lauenburg,162773,81791,1078,80713,28653,16592,1839,13806,5517,7808,,0,0,96,3939,
1054,Kreis,14.05.2023,Nordfriesland,140577,74954,790,74164,24928,12274,870,9406,3377,4642,,0,0,0,0,
1055,Kreis,14.05.2023,Ostholstein,173677,84794,1480,83314,31780,17150,0,13531,6183,7293,,0,0,0,6313,
1056,Kreis,14.05.2023,Pinneberg,255237,123780,1494,122286,43606,25593,3344,25450,10748,11037,,0,0,0,0,
1057,Kreis,14.05.2023,Plön,109050,61182,915,60267,20037,11923,1180,11257,3429,4722,,0,0,317,0,
1058,Kreis,14.05.2023,Rendsburg-Eckernförde,229003,124725,1603,123122,44926,23025,1759,19788,6806,9167,,0,70,1042,0,
1059,Kreis,14.05.2023,Schleswig-Flensburg,169746,91616,1145,90471,31336,14693,1383,13160,4337,6305,,0,0,0,2841,
1060,Kreis,14.05.2023,Segeberg,227044,108521,1240,107281,39568,19587,2235,17995,9078,11014,,0,0,1560,4758,
1061,Kreis,14.05.2023,Steinburg,108898,56492,758,55734,22596,10244,0,7914,3300,5900,,0,0,0,2413,
1062,Kreis,14.05.2023,Stormarn,197343,99512,1032,98480,34525,19544,2046,19664,8521,8221,,0,0,63,2377,
3257,,12.09.2021,,130955,74950,2008,213005,66405,71284,4668,28451,10018,11122,,,,,4325,369
3403,,12.09.2021,,135173,72721,1053,210215,37414,60860,16742,65635,11162,5710,,,2886,,,634
3356,,12.09.2021,,94484,56418,841,163867,48672,53623,8015,27369,6967,6892,,,,,,234
3461,,12.09.2021,,73257,39880,957,113886,33906,38501,2621,17415,10459,0,,,,,,
3103,,12.09.2021,,96417,51560,842,148343,41277,45212,4222,15692,7624,8850,,,,,,36
3254,,12.09.2021,,225804,133137,1941,387431,116646,131869,10396,59769,19042,19933,,,1956,3405,1675,
3101,,12.09.2021,,197727,109455,1607,316760,69672,93343,12426,71678,18693,13512,,,3253,6301,,
3157,,12.09.2021,,109679,63783,866,185290,52643,68257,4084,24281,9417,10318,,,,,,
3360,,12.09.2021,,78151,46971,846,134941,48021,31932,2357,22662,7911,6814,,,,,,261
3158,,12.09.2021,,99106,62771,1211,181274,52609,65955,4707,29452,13288,10477,,,972,875,,
3453,,12.09.2021,,137419,75623,1357,218317,109831,48876,3348,17897,13023,11191,,,,,,
3455,,12.09.2021,,84395,49433,776,142871,30359,54481,2463,18714,7985,5651,,,,2018,,473
3457,,12.09.2021,,141364,80015,1901,229384,68108,87443,4916,28028,11327,11437,,,,,,
3355,,12.09.2021,,149102,89808,1403,260540,65556,71929,11887,65157,15360,11877,,,,4730,430,
3460,,12.09.2021,,113210,65612,1020,189883,104361,35637,2696,17737,11899,7889,,,,,,122
3462,,12.09.2021,,48408,28596,654,82666,27708,34715,,8441,2527,4023,,,,,,
3241,,12.09.2021,,899730,492365,6891,1423951,372995,425615,51352,302822,92186,73216,,,12208,23070,10780,981
3151,,12.09.2021,,142911,86422,1572,250484,77404,78462,4388,35429,12365,18886,,,,4247,,
3401,,12.09.2021,,60907,28724,477,81292,23052,23570,3096,8468,8600,6741,,,,2428,,115
3102,,12.09.2021,,76860,36955,817,104277,31167,36532,3984,8861,5219,10832,,,,1643,2707,308
3352,,12.09.2021,,166737,96897,1714,279436,100473,91437,4797,34581,14984,13620,,,,613,6472,317
3256,,12.09.2021,,99084,56082,1144,161664,64104,44222,3596,20697,9225,8326,,,807,,,903
3251,,12.09.2021,,180095,105823,1837,300685,95317,82568,5617,47169,27817,13691,,,,2990,,255
3456,,12.09.2021,,113294,62002,811,179035,76523,53798,2832,22551,11894,5213,,,,,,73
3252,,12.09.2021,,121770,65120,1713,186307,59907,61559,5186,28174,11061,9542,,,,,,
3358,,12.09.2021,,115488,64778,915,187894,61894,60533,3415,22105,10969,11452,,,,,,
3159,,12.09.2021,,260421,146720,2731,424778,117331,138654,17580,80695,28684,13924,,,2563,7946,,
3405,,12.09.2021,,63986,28185,827,77317,15853,21674,,10102,3962,5163,,,,3620,1107,231
3452,,12.09.2021,,161144,94091,2494,267430,59665,113546,7390,28134,12580,8853,,,,1594,12709,798
3351,,12.09.2021,,146324,83280,1821,239257,82225,56882,5130,30773,18562,17553,,,,3494,,
3354,,12.09.2021,,40841,25551,462,74370,21110,13101,2049,11037,2278,3378,,,,,,
3153,,12.09.2021,,110246,61625,1438,176819,48224,72482,6494,18708,9615,9879,,,,,1729,152
3454,,12.09.2021,,269435,159638,2435,461473,250492,92134,6190,40304,29136,14514,,,,7500,,1496
3353,,12.09.2021,,213972,127323,2228,368690,119030,88786,8479,71703,28452,18547,,,,,,617
3402,,12.09.2021,,39755,18664,248,54565,9818,19445,2810,7751,6931,0,,,1025,,,865
3451,,12.09.2021,,104014,63787,869,184994,59210,52883,5150,26550,12923,5762,,,,1280,,1319
3459,,12.09.2021,,294256,176873,2771,510460,186116,145199,9647,80106,36888,14470,,,,1229,707,
3361,,12.09.2021,,111379,65888,858,191390,66589,57403,4498,34935,12853,9772,,,,,3923,
3404,,12.09.2021,,131323,70572,1280,200666,51119,47318,9399,58222,12988,3874,,,,3246,,755
3359,,12.09.2021,,168324,96043,1544,278756,92000,70322,7132,40492,16627,13045,,,2445,2993,,
3154,,12.09.2021,,76050,43412,735,125912,40617,43138,2610,13783,7202,8493,,,,,,
3357,,12.09.2021,,136681,85106,1381,246783,101879,67054,4425,32628,13604,4222,,,,,4162,575
3155,,12.09.2021,,110598,66190,1195,191335,49643,76309,4896,17849,22166,10358,,,,,,3001
3255,,12.09.2021,,57536,33636,782,96461,26720,31770,1637,11476,14663,4505,,,,,,650
3458,,12.09.2021,,110047,65423,1200,189381,58435,48405,5136,34600,21160,8822,,,,,4926,
3353,,11.09.2016,,209559,119427,2472,343132,115806,86753,9515,47797,20053,33524,,,,,,469
3155,,11.09.2016,,113471,60860,1168,175342,54532,71471,3808,11890,12471,14952,,1093,,,,
3358,,11.09.2016,,114943,63702,1197,183050,67623,60149,828,17327,6180,16520,,1342,,,,
3254,,11.09.2016,,228467,131706,2274,379247,124159,135479,10818,38767,11305,35468,,,,,,137
3457,,11.09.2016,,138678,76355,1692,217507,70469,86337,4206,18977,4837,15538,,,,,,
3251,,11.09.2016,,178638,98399,1720,281662,95864,79111,6969,32707,23587,21772,,,,755,,
3101,,11.09.2016,,202232,112500,1345,327134,85728,107838,14982,39288,14564,29257,,,7682,8217,,
3257,,11.09.2016,,131190,73410,1279,209659,63185,77334,3702,19807,4815,20060,,,,,,
3355,,11.09.2016,,146892,85874,1570,248180,69366,74673,14933,43255,12306,23187,,265,,,,
3153,,11.09.2016,,115007,60058,1153,172220,51646,64952,7406,12405,9366,19105,,,,,,
3241,,11.09.2016,,910600,500087,8536,1435018,416424,448317,68815,195695,77101,144759,,,22698,13177,,1067
3361,,11.09.2016,,110327,62465,985,179729,63676,56164,5642,25606,8491,16632,,,1505,,,552
3454,,11.09.2016,,261809,149527,2127,430031,254995,81849,4016,25229,15559,23922,,,,,,
3354,,11.09.2016,,41238,24369,494,70063,21201,12531,,8165,2127,5088,,,,,,
3252,,11.09.2016,,123466,67073,1331,192523,60372,63870,6268,21119,9529,20233,,,1927,1040,,
3405,,11.09.2016,,65323,31865,625,92035,18560,23874,2939,9749,7954,10429,,,,1378,2383,454
3404,,11.09.2016,,131077,67151,849,195507,73483,48659,9299,35487,11591,0,,,3670,,,443
3455,,11.09.2016,,83568,47166,894,136130,33089,46637,2732,14058,7399,10540,,,,,,
3154,,11.09.2016,,77442,42671,920,122553,41249,42256,1879,9356,5332,9807,,2017,,921,,274
3453,,11.09.2016,,130408,71903,1298,206276,119201,44732,3392,10337,8145,6867,,,,,,2220
3403,,11.09.2016,,133010,71262,776,208442,46310,68128,20613,39880,10105,9924,,1298,2450,,,
3460,,11.09.2016,,110533,63796,891,184607,109065,37169,2923,7737,8526,10892,,,,,,
3462,,11.09.2016,,47866,28051,520,80812,29832,32214,1401,6039,2430,3770,,,,,,100
3461,,11.09.2016,,73885,38282,851,109377,30857,40751,3204,10937,7964,6626,,,,,,
3452,,11.09.2016,,160404,90906,3034,255756,63556,101570,8364,21762,9503,15562,,,,,,3509
3351,,11.09.2016,,146333,83937,1490,241313,90968,64123,4718,20257,13189,25955,,,565,3749,,741
3451,,11.09.2016,,101311,59426,932,171809,58307,49347,4885,20622,11172,11500,,,,,,
3159,,11.09.2016,,268096,144834,2471,418246,126068,145135,18513,53543,18298,22437,,3143,4926,3375,,
3102,,11.09.2016,,79203,36011,1248,100756,33417,41699,5889,7345,3682,0,,,,,,
3458,,11.09.2016,,107705,61147,979,176743,54261,53948,4891,21234,17339,13865,,,764,,3435,
3255,,11.09.2016,,59026,33770,944,95729,28954,32499,1834,8503,10751,7439,,,,,,
3151,,11.09.2016,,142652,80938,1525,232286,86108,68734,5916,26058,7648,21017,,,,,,1066
3103,,11.09.2016,,100818,52612,1025,151137,37744,45408,4485,11128,5045,15928,,,2785,712,,
3357,,11.09.2016,,135051,81082,1540,233266,97712,68707,4627,23912,7150,15318,,927,,,2447,
3352,,11.09.2016,,166244,92808,1902,267211,104559,92657,6883,22597,7879,21877,,927,,,6616,
3359,,11.09.2016,,166291,95793,1678,276126,94170,77553,7573,28660,10734,24397,,1264,1843,,,319
3256,,11.09.2016,,99631,53778,920,154656,61713,45789,3358,13347,5286,12815,,,382,,,
3157,,11.09.2016,,107853,60989,850,175755,53499,74156,4703,14962,5488,15296,,,1321,,,
3360,,11.09.2016,,78565,45075,900,128772,46365,34845,2052,17465,4537,9885,,,,,,819
3456,,11.09.2016,,111467,60116,863,172352,81259,52990,5020,12889,7585,1811,,,,,,
3158,,11.09.2016,,100827,61316,1020,177037,56438,65301,6216,20640,7715,18775,,,1727,,,
3402,,11.09.2016,,41125,20142,345,58963,11279,18280,3121,6687,7127,0,,,,,,548
3356,,11.09.2016,,93293,52085,819,150193,46300,49507,8278,18446,4113,13755,,717,,,,
3459,,11.09.2016,,291534,168827,2694,485609,198428,143154,15703,51189,23604,27005,,,1771,,,164
3401,,11.09.2016,,62091,27798,539,80158,18748,25341,3230,5776,5928,12147,,,1507,,,
10041,Regionalverband,09.06.2024,Regionalverband Saarbrücken,248961,148294,6846,141448,45511,41872,10474,15295,9032,0,0,,,,12137,
10042,Landkreis,09.06.2024,Merzig-Wadern,84720,57036,1382,55654,22781,16707,2073,3418,2340,8335,0,,,,0,
10043,Landkreis,09.06.2024,Neunkirchen,106351,67559,1351,66208,20338,20594,1549,3186,1506,10882,6115,,,,2038,
10044,Landkreis,09.06.2024,Saarlouis,156593,104065,1907,102158,32544,31907,2172,6109,3121,14478,11827,,,,0,
10045,Landkreis,09.06.2024,Saarpfalz-Kreis,114437,77718,1746,75972,23767,22348,2962,5530,2178,11844,0,,,,0,
10046,Landkreis,09.06.2024,St. Wendel,70867,53513,955,52558,24890,14255,1010,2437,1036,5862,0,,,,3068,
10041,Regionalverband,26.05.2019,Regionalverband Saarbrücken,258926,150082,3329,146753,41229,43636,13526,22300,6963,12350,0,,,,0,
10042,Landkreis,26.05.2019,Merzig-Wadern,85624,56240,1541,54699,22039,15741,3753,6066,2980,4120,0,,,,0,
10043,Landkreis,26.05.2019,Neunkirchen,109849,68667,1687,66980,22867,22191,5230,7203,2827,6662,0,,,,0,
10044,Landkreis,26.05.2019,Saarlouis,160932,104576,2504,102072,35076,33102,7977,12576,4379,8962,0,,,,0,
10045,Landkreis,26.05.2019,Saarpfalz-Kreis,117828,79231,1751,77480,23670,21663,4514,10833,2863,7574,0,,,,0,
10046,Landkreis,26.05.2019,St. Wendel,73312,53921,1110,52811,25504,14062,2452,4105,1252,3166,0,,,,2270,
5154,,25.05.2014,Kreis Kleve,257592,124322,1497,122825,56756,32791,3412,12955,7385,3543,,,2312,,,
5158,,25.05.2014,Kreis Mettmann,400914,207304,3115,204189,86826,56540,7745,24141,9971,4408,,,5178,,,
5162,,25.05.2014,Rhein-Kreis Neuss,360745,179507,2317,177190,74821,45564,5739,18341,12671,6730,,,3748,,,
5166,,25.05.2014,Kreis Viersen,246047,124788,1962,122826,56318,30652,4326,13896,9021,4480,,928,1947,,,
5170,,25.05.2014,Kreis Wesel,379290,195143,3119,192024,71190,71845,9245,19125,7072,4896,,,4174,,,346
5334,,25.05.2014,St„dteregion Aachen,438884,228518,4146,224372,85316,71387,12141,29813,10155,1756,,,6977,,,
5358,,25.05.2014,Kreis Dren,213174,110437,2125,108312,46330,32881,4290,10747,4217,2637,,,2777,,,
5362,,25.05.2014,Rhein-Erft-Kreis,375116,186050,2515,183535,74816,58439,6262,20750,9035,,,,3482,,,
5366,,25.05.2014,Kreis Euskirchen,157829,81101,1377,79724,33616,20212,3092,7684,6575,4017,,,,,,
5370,,25.05.2014,Kreis Heinsberg,207313,107007,2511,104496,53641,23589,3408,10669,4480,3450,,1374,774,,,
5374,,25.05.2014,Oberbergischer Kreis,223717,117310,1555,115755,50057,32282,4008,10365,6311,4489,,,1543,,,
5378,,25.05.2014,Rheinisch-Bergischer Kreis,232070,129018,1439,127579,52446,30811,5036,17486,8253,5754,,,,,,
5382,,25.05.2014,Rhein-Sieg-Kreis,480854,269293,4312,264981,111570,70437,9847,33775,15529,9183,,2111,4551,,,
5554,,25.05.2014,Kreis Borken,298599,160604,2076,158528,82176,35788,3357,13411,6605,3342,,,2189,,,
5558,,25.05.2014,Kreis Coesfeld,180555,105968,1003,104965,51607,24974,2726,12603,5440,,,,793,,,
5562,,25.05.2014,Kreis Recklinghausen,504681,242237,5019,237218,80129,95943,12482,20896,9153,,,,6101,,,48
5566,,25.05.2014,Kreis Steinfurt,358233,200632,2718,197914,88019,62477,7445,21825,8938,,,,,,,
5570,,25.05.2014,Kreis Warendorf,224085,124109,1548,122561,55094,31088,3618,14550,6314,3636,,,1979,,,
5754,,25.05.2014,Kreis Gtersloh,288817,146420,1954,144466,64161,38801,5090,16794,4921,5391,,,,,,
5758,,25.05.2014,Kreis Herford,204381,104729,1429,103300,35979,41096,4549,10743,3482,4476,,,625,,,
5762,,25.05.2014,Kreis H”xter,118753,67784,1672,66112,33639,16726,2088,6294,2764,,,,,,,
5766,,25.05.2014,Kreis Lippe,285000,149866,2669,147197,50376,56149,6454,15773,7562,4861,,,,,,
5770,,25.05.2014,Kreis Minden-Lbbecke,256597,126544,1774,124770,46729,44221,4605,12211,5570,5180,,,1885,,,
5774,,25.05.2014,Kreis Paderborn,242760,122868,1787,121081,62777,25918,4964,13477,5313,4356,,,1465,,,
5954,,25.05.2014,Ennepe-Ruhr-Kreis,273305,134060,2465,131595,37734,51889,7121,17083,5924,4730,,,3081,,,
5958,,25.05.2014,Hochsauerlandkreis,218621,117300,2652,114648,59985,31302,3664,7826,5895,,,,2522,,,
5962,,25.05.2014,M„rkischer Kreis,338816,150723,2340,148383,60384,46087,6244,12219,7695,4474,,1863,2704,,,
5966,,25.05.2014,Kreis Olpe,110423,57845,805,57040,30943,13264,1538,3984,2120,,,,,,,
5970,,25.05.2014,Kreis Siegen-Wittgenstein,228439,118058,1938,116120,42238,41527,5132,10299,7371,3359,,,,,,
5974,,25.05.2014,Kreis Soest,247812,126837,1553,125284,53751,34997,4065,9445,6368,4241,,,1888,,,
5978,,25.05.2014,Kreis Unna,325244,163152,2890,160262,47165,67078,7938,17987,5454,,,,4851,,,
5111,,25.05.2014,Krfr. Stadt Dsseldorf,471272,231872,2852,229020,84020,67089,11877,31498,15944,6855,,,3903,,,70
5112,,25.05.2014,Krfr. Stadt Duisburg,365492,147865,2025,145840,36146,59774,9587,10742,3554,5162,,2517,2447,,,
5113,,25.05.2014,Krfr. Stadt Essen,457477,207112,2023,205089,64557,69643,10932,22908,6761,7697,,1229,3867,1545,,
5114,,25.05.2014,Krfr. Stadt Krefeld,182230,82380,948,81432,27407,28272,3749,9086,5208,3463,,,1641,947,,
5116,,25.05.2014,Krfr. Stadt M”nchengladbach,209119,89321,1819,87502,36270,25751,3898,9336,3932,1268,,776,1316,1093,,213
5117,,25.05.2014,Krfr. Stadt Mlheim an der Ruhr,133767,67350,1204,66146,17970,20849,2712,7249,3517,3469,,,1141,,,15
5119,,25.05.2014,Krfr. Stadt Oberhausen,165717,72419,1815,70604,23187,27536,5640,6071,1997,,,,,,,
5120,,25.05.2014,Krfr. Stadt Remscheid,86886,37337,632,36705,13641,12765,2207,3053,1715,,,,,46,,
5122,,25.05.2014,Krfr. Stadt Solingen,126873,55448,692,54756,18682,16202,2726,6110,2698,1628,,,1346,,,23
5124,,25.05.2014,Krfr. Stadt Wuppertal,271188,122119,1901,120218,34970,36077,9672,17962,6561,2920,,,2426,,,
5313,,25.05.2014,Krfr. Stadt Aachen,194455,102544,1092,101452,36872,26382,6170,16778,4523,2572,,,3501,436,,
5314,,25.05.2014,Krfr. Stadt Bonn,244997,139212,1309,137903,42039,32287,8602,25676,11275,3953,,,2994,,,
5315,,25.05.2014,Krfr. Stadt K”ln,802891,398718,4308,394410,107401,115931,27448,76981,20070,14195,,247,8177,534,,110
5316,,25.05.2014,Krfr. Stadt Leverkusen,128339,59276,623,58653,19075,16567,2240,5462,2243,,,,1000,,,
5512,,25.05.2014,Krfr. Stadt Bottrop,93907,45529,697,44832,12188,21371,1833,2455,1205,794,,,909,,,
5513,,25.05.2014,Krfr. Stadt Gelsenkirchen,195313,84137,1551,82586,17384,41477,3846,4840,1668,4116,,,1318,,,15
5515,,25.05.2014,Krfr. Stadt Mnster,243442,145217,1372,143845,50642,38810,7247,28973,8422,3744,,,3001,,,40
5711,,25.05.2014,Krfr. Stadt Bielefeld,255657,130477,1633,128844,38914,39721,9378,20477,3798,,,,2775,,,67
5911,,25.05.2014,Krfr. Stadt Bochum,295356,143104,1653,141451,36368,54670,8834,18138,3994,4942,,1265,2907,,,
5913,,25.05.2014,Krfr. Stadt Dortmund,456717,204985,2920,202065,54922,77151,13839,31138,4945,6835,,1827,4719,282,,12
5914,,25.05.2014,Krfr. Stadt Hagen,150645,67973,1204,66769,21354,21882,2856,6012,2408,2496,,,1069,,,138
5915,,25.05.2014,Krfr. Stadt Hamm,137400,70709,1178,69531,29617,24406,3016,5053,2850,442,,,1294,,,
5916,,25.05.2014,Krfr. Stadt Herne,122623,51721,905,50816,13148,22754,3153,4741,1437,2117,,,1382,,,
5111,,13.09.2020,Krfr. Stadt Düsseldorf,470511,247356,2085,245271,81833,43949,9951,58881,22453,8776,,,1464,4371,,4
5112,,13.09.2020,Krfr. Stadt Duisburg,360750,141223,1618,139605,29966,43051,7714,24728,4333,12968,,550,,1596,,198
5113,,13.09.2020,Krfr. Stadt Essen,446384,214839,2327,212512,73206,51550,8309,39569,6476,15849,,,86,5282,,
5114,,13.09.2020,Krfr. Stadt Krefeld,180491,83998,1216,82782,25177,23599,2664,16662,4834,4476,,,,2031,,267
5116,,13.09.2020,Krfr. Stadt Mönchengladbach,207117,90024,1160,88864,30198,22365,3605,18879,4911,5282,,229,,2419,,30
5117,,13.09.2020,Krfr. Stadt Mülheim an der Ruhr,130571,65651,1144,64507,16970,13765,1751,15097,3003,4629,,,,2866,,226
5119,,13.09.2020,Krfr. Stadt Oberhausen,159449,65999,1123,64876,21289,20545,3313,9358,1958,4934,,,,,,
5120,,13.09.2020,Krfr. Stadt Remscheid,85783,37508,592,36916,11036,12718,1700,5409,1945,358,,,,,,
5122,,13.09.2020,Krfr. Stadt Solingen,126301,58009,695,57314,17326,16229,2435,10428,3178,2892,,,,1367,,34
5124,,13.09.2020,Krfr. Stadt Wuppertal,265748,124569,1364,123205,29790,35653,8152,24121,8871,7529,,,,3346,,
5154,,13.09.2020,Kreis Kleve,265011,136609,2567,134042,59113,26292,2460,26241,8627,5408,,,,,,
5158,,13.09.2020,Kreis Mettmann,397492,213770,3093,210677,81269,36369,6760,47352,13541,11835,,,3914,,,
5162,,13.09.2020,Rhein-Kreis Neuss,364372,195411,3171,192240,72683,44677,4447,36492,13183,8584,,,,3613,,
5166,,13.09.2020,Kreis Viersen,247851,130588,2679,127909,53667,24771,3645,26759,9054,4930,,,695,2565,,
5170,,13.09.2020,Kreis Wesel,375309,200134,3413,196721,64506,58376,8116,37334,10805,11007,,,,,,
5313,,13.09.2020,Krfr. Stadt Aachen,192502,102781,918,101863,25268,18676,4694,34712,5042,3816,,,1226,2295,,
5314,,13.09.2020,Krfr. Stadt Bonn,249091,142152,1052,141100,36315,21956,8745,39311,7268,4569,,,869,3095,,101
5315,,13.09.2020,Krfr. Stadt Köln,820526,421823,4596,417227,89659,90040,27044,118997,21965,18272,,,,10261,,354
5316,,13.09.2020,Krfr. Stadt Leverkusen,126846,61527,866,60661,16859,15276,2092,11015,2937,3466,,,,,,
5334,,13.09.2020,Städteregion Aachen,437044,232399,2895,229504,73131,57701,8497,56398,11389,11213,,,2702,4696,,
5358,,13.09.2020,Kreis Düren,214351,119766,2266,117500,48216,29572,3013,17615,5150,7491,,,1319,,,105
5362,,13.09.2020,Rhein-Erft-Kreis,380534,205375,4204,201171,76429,49620,6506,37444,10449,10848,,,3074,,,
5366,,13.09.2020,Kreis Euskirchen,161642,90543,1687,88856,34171,21266,2161,13374,7013,5816,,,,685,,
5370,,13.09.2020,Kreis Heinsberg,211639,114997,2588,112409,57888,17496,3078,18772,5452,4857,,577,,,,
5374,,13.09.2020,Oberbergischer Kreis,222630,116441,1919,114522,45140,24462,3389,19787,8024,6770,,,,,,
5378,,13.09.2020,Rheinisch-Bergischer Kreis,232605,132053,1633,130420,48577,24461,3798,31848,8499,6204,,,,,,
5382,,13.09.2020,Rhein-Sieg-Kreis,489668,276474,4443,272031,107115,58569,8780,59276,15449,12466,,,3353,,,
5512,,13.09.2020,Krfr. Stadt Bottrop,92241,44584,672,43912,10513,17668,1507,5639,1821,3076,,,,,,
5513,,13.09.2020,Krfr. Stadt Gelsenkirchen,188716,78382,1143,77239,17932,27082,2671,9457,3114,9944,,,,1527,,30
5515,,13.09.2020,Krfr. Stadt Münster,247189,155621,1273,154348,50465,27163,7539,46696,7104,3399,,,959,3196,,
5554,,13.09.2020,Kreis Borken,303081,179056,2795,176261,87032,27932,3665,26413,10596,5195,,,,,,119
5558,,13.09.2020,Kreis Coesfeld,183169,114093,2194,111899,52542,18902,2528,24319,6175,697,,,,,,
5562,,13.09.2020,Kreis Recklinghausen,496476,243580,4381,239199,80289,72741,9972,41094,10721,16893,,,,,,
5566,,13.09.2020,Kreis Steinfurt,363972,210448,2712,207736,82338,50448,6483,40354,11974,6258,,,,,,
5570,,13.09.2020,Kreis Warendorf,225560,131069,2029,129040,53281,26737,3185,24214,8097,4390,,,,1914,,
5711,,13.09.2020,Krfr. Stadt Bielefeld,254778,136485,1319,135166,37503,33716,8278,30166,9529,4630,,,,3936,,13
5754,,13.09.2020,Kreis Gütersloh,294290,157779,2301,155478,60821,29886,3802,32618,8978,6873,,,,641,,
5758,,13.09.2020,Kreis Herford,202834,108108,1940,106168,31725,37550,3544,17016,3992,6232,,,,3049,,
5762,,13.09.2020,Kreis Höxter,116112,69429,1371,68058,31744,12310,1249,9802,3320,3002,,,,316,,
5766,,13.09.2020,Kreis Lippe,281834,154465,2506,151959,44743,45113,4881,29943,10547,8787,,,,,,
5770,,13.09.2020,Kreis Minden-Lübbecke,253438,132973,1865,131108,46923,37069,3646,21971,8541,7737,,,,,,
5774,,13.09.2020,"Paderborn, Kreis",245607,129960,1877,128083,59882,19910,4156,23340,7231,6326,,,,2865,,
5911,,13.09.2020,Krfr. Stadt Bochum,287203,139781,1447,138334,28799,46626,8417,30669,4517,7796,,427,,3223,,
5913,,13.09.2020,Krfr. Stadt Dortmund,451925,212639,2047,210592,47405,63096,11825,52241,7345,11547,,,1848,5851,,53
5914,,13.09.2020,Krfr. Stadt Hagen,147361,61941,825,61116,16813,15573,1762,8114,2829,5692,,,436,1692,,19
5915,,13.09.2020,Krfr. Stadt Hamm,136561,71272,1163,70109,23385,25992,2068,8925,3575,3274,,,,,,
5916,,13.09.2020,Krfr. Stadt Herne,119462,49537,694,48843,9775,21560,1980,7723,1615,4127,,,767,,,49
5954,,13.09.2020,Ennepe-Ruhr-Kreis,267170,137783,2199,135584,36275,42403,5174,28175,7864,7250,,,3326,,,
5958,,13.09.2020,Hochsauerlandkreis,215334,121889,2329,119560,57792,25364,2395,16254,7292,4411,,,,,,
5962,,13.09.2020,Märkischer Kreis,328462,151801,2815,148986,56811,34022,6473,21213,11173,8555,,,,,,
5966,,13.09.2020,Kreis Olpe,109207,63225,1002,62223,32132,11468,1232,7579,2691,2475,,,,,,
5970,,13.09.2020,Kreis Siegen-Wittgenstein,223779,124930,1924,123006,41403,36888,4345,17280,7481,8263,,,,,,
5974,,13.09.2020,Kreis Soest,248970,133046,1967,131079,54978,26604,3500,21549,8821,5878,,,,,,
5978,,13.09.2020,Kreis Unna,321737,157202,2577,154625,42099,49575,5311,29881,7348,7735,,,,,,75
8115,,26.05.2019,Böblingen,300529,178425,4167,1266937,272084,161961,41446,246628,96311,81549,,2584,,NA,,
8116,,26.05.2019,Esslingen,418911,246303,6927,1707872,325870,289902,77652,341105,109573,97408,,NA,,NA,,
8117,,26.05.2019,Göppingen,200555,114172,3297,696989,171761,110738,18948,135733,56539,69102,,NA,,NA,,
8118,,26.05.2019,Ludwigsburg,417668,251098,5946,1685775,404598,242972,71398,359712,141669,48600,,NA,,NA,,
8119,,26.05.2019,Rems-Murr-Kreis,344592,197233,4838,1235821,288335,175303,31205,221781,156054,104615,,NA,,NA,,
8125,,26.05.2019,Heilbronn,267516,157528,4984,918391,235690,139054,25970,135031,61192,72163,,NA,,NA,,
8126,,26.05.2019,Hohenlohekreis,91002,52608,1912,298022,97019,33953,8417,44613,27784,20224,,NA,,NA,,
8127,,26.05.2019,Schwäbisch Hall,162779,88019,2831,615952,128079,86697,16376,113061,55160,30705,,NA,,NA,,
8128,,26.05.2019,Main-Tauber-Kreis,111661,67880,2244,372714,134298,61422,7131,45917,17341,22481,,NA,,NA,,
8135,,26.05.2019,Heidenheim,104671,54822,1820,404981,99778,84027,14286,84096,12909,11134,,NA,,NA,,
8136,,26.05.2019,Ostalbkreis,250135,147064,4886,1195622,419372,198713,49346,222234,41329,78097,,NA,,NA,,
8215,,26.05.2019,Karlsruhe,355125,214127,6350,1213449,359667,197968,27703,194203,67392,63969,,NA,,NA,,
8216,,26.05.2019,Rastatt,185158,105625,3174,711495,206632,115462,8591,116919,33732,63666,,NA,,NA,,
8225,,26.05.2019,Neckar-Odenwald-Kreis,117054,70351,2110,396859,139460,79682,NA,50325,11786,26381,,NA,,NA,,
8226,,26.05.2019,Rhein-Neckar-Kreis,431669,268249,7549,1445410,387226,240218,51961,296701,94928,110612,,3248,,NA,,
8235,,26.05.2019,Calw,126808,72592,2253,428223,134214,59139,4062,59234,27434,35299,,NA,,NA,,
8236,,26.05.2019,Enzkreis,158612,96016,2327,591003,121305,90685,NA,104422,56418,47523,,NA,,NA,,
8237,,26.05.2019,Freudenstadt,94183,54086,1983,392886,106751,42652,4575,42444,45118,30439,,NA,,NA,,
8315,,26.05.2019,Breisgau-Hochschwarzwald,209346,132593,3429,792146,234392,101241,10490,176516,48373,39050,,NA,,NA,,
8316,,26.05.2019,Emmendingen,132856,82459,2026,517701,137060,82564,6791,101308,42916,21308,,NA,,NA,,
8317,,26.05.2019,Ortenaukreis,347691,197189,6526,1144650,384808,167061,24768,172306,63732,71399,,NA,,NA,,
8325,,26.05.2019,Rottweil,111692,64291,2011,397402,111561,53673,NA,41029,37148,29035,,NA,,NA,,
8326,,26.05.2019,Schwarzwald-Baar-Kreis,166752,89000,2904,857843,299868,118749,NA,156256,80595,47209,,NA,,NA,,
8327,,26.05.2019,Tuttlingen,107616,59131,2025,338883,122685,35645,NA,59430,34954,12086,,NA,,NA,,
8335,,26.05.2019,Konstanz,227214,131397,3533,1472316,391947,184698,77762,432272,109340,32448,,NA,,NA,,
8336,,26.05.2019,Lörrach,179405,99987,3125,648254,165168,117852,17985,134029,42868,42227,,NA,,NA,,
8337,,26.05.2019,Waldshut,132787,75554,2153,508536,190089,70860,1817,82825,38631,21390,,NA,,NA,,
8415,,26.05.2019,Reutlingen,224624,125044,3357,1366889,294185,215024,61139,273451,90832,98268,,NA,,NA,,
8416,,26.05.2019,Tübingen,175598,113810,2744,1575100,279054,201001,144818,469684,89106,23608,,NA,,61079,,
8417,,26.05.2019,Zollernalbkreis,152525,83705,2696,589168,196521,66102,11569,76196,56036,46363,,NA,,NA,,
8425,,26.05.2019,Alb-Donau-Kreis,154283,95754,3116,482890,189032,54501,NA,86356,13744,8476,,NA,,NA,,
8426,,26.05.2019,Biberach,159391,95013,3707,574123,191874,42705,NA,87647,21789,NA,,NA,,NA,,
8435,,26.05.2019,Bodenseekreis,173110,107775,2528,873488,234203,100210,28927,194898,53492,55345,,NA,,NA,,
8436,,26.05.2019,Ravensburg,226074,134786,4411,828662,277362,67707,11962,181765,45399,NA,,NA,,NA,,
8437,,26.05.2019,Sigmaringen,104473,62314,2292,337277,146134,33312,NA,60824,9579,12599,,NA,,NA,,
8115,,11.06.2024,Böblingen,295854,181937,4020,1294744,305143,158781,30528,188225,103165,149411,,,,,,
8116,,11.06.2024,Esslingen,409859,252959,5907,1775265,404122,248242,69057,289827,100750,191192,,,,,,
8117,,11.06.2024,Göppingen,196101,118718,3260,732808,224906,107997,15429,90112,38741,112962,,,,,,
8118,,11.06.2024,Landkreis Ludwigsburg,409513,257012,5524,1749872,414495,226867,56010,285389,125507,207293,,,,,,
8119,,11.06.2024,Landkreis Rems-Murr-Kreis,331287,201346,5050,1246667,353861,158062,NA,164241,NA,163820,,,,,,
8125,,11.06.2024,Landkreis Heilbronn,268060,165042,4289,967653,251766,116051,12778,87965,44311,141743,,,,,,
8126,,11.06.2024,Landkreis Hohenlohekreis,90720,56650,1488,330026,106738,30403,5794,36376,25061,49826,,,,,,
8127,,11.06.2024,Schwäbisch Hall,158533,93078,2492,677809,157301,68961,11942,84701,55539,87910,,,,,,
8128,,11.06.2024,Landkreis Main-Tauber-Kreis,108182,69893,2100,384741,136721,57343,5386,31864,16951,39901,,,,,,
8135,,11.06.2024,Landkreis Heidenheim,103090,56621,1862,403366,116421,74177,11300,NA,10987,37764,,,,,,
8136,,11.06.2024,Landkreis Ostalbkreis,248403,153878,5065,1252031,431449,197413,30733,172739,34386,162274,,,,,,
8215,,11.06.2024,Landkreis Karlsruhe,355782,224967,5744,1284292,410716,178180,15562,157965,62031,172468,,,,,,
8216,,11.06.2024,Landkreis Rastatt,182885,107509,2675,723906,224685,122876,8526,71155,31258,106221,,,,,,
8225,,11.06.2024,Landkreis Neckar-Odenwald-Kreis,116628,72155,1959,407933,139702,82342,NA,33258,8070,56383,,,,,,
8226,,11.06.2024,Landkreis Rhein-Neckar-Kreis,430225,272466,6437,1477644,433846,237497,48648,222866,89749,183316,,,,,,
8235,,11.06.2024,Landkreis Calw,126289,75696,2154,466378,159902,60952,NA,46188,20181,72020,,,,,,
8236,,11.06.2024,Landkreis Enzkreis,157623,98801,2058,634637,139619,94572,NA,81398,55111,89708,,,,,,
8237,,11.06.2024,Landkreis Freudenstadt,94544,57003,1871,430092,129192,48717,NA,36039,31384,66615,,,,,,
8315,,11.06.2024,Landkreis Breisgau-Hochschwarzwald,210224,138183,3272,827091,261749,110883,NA,139385,34225,63280,,,,,,
8316,,11.06.2024,Landkreis Emmendingen,134111,87083,2146,568469,150838,83688,NA,83451,15935,49360,,,,,,
8317,,11.06.2024,Landkreis Ortenaukreis,345362,208003,5970,1253370,399925,162589,NA,149534,83006,157354,,,,,,
8325,,11.06.2024,Landkreis Rottweil,110371,67025,1873,431432,128591,43991,NA,33140,36800,57030,,,,,,
8326,,11.06.2024,Landkreis Schwarzwald-Baar-Kreis,165914,92888,3163,994952,340115,130160,NA,135949,84458,147768,,,,,,
8327,,11.06.2024,Landkreis Tuttlingen,110002,61859,1828,367741,142151,30072,NA,NA,31285,47872,,,,,,
8335,,11.06.2024,Landkreis Konstanz,226741,135283,3363,1503301,414569,191386,56171,310851,97525,125229,,,,,,
8336,,11.06.2024,Lörrach,175674,102038,2732,666180,179683,108250,13497,109401,41863,78383,,,,,,
8337,,11.06.2024,Landkreis Waldshut,131385,77653,1914,524778,198190,55853,NA,61177,30049,59396,,,,,,
8415,,11.06.2024,Landkreis Reutlingen,224415,131390,3793,1446978,341490,186335,49420,243636,88545,178905,,,,,,
8416,,11.06.2024,Tübingen,177376,118528,2826,1612740,302227,198278,NA,424087,72891,53666,,,,,,
8417,,11.06.2024,Landkreis Zollernalbkreis,151362,88314,2700,645766,220142,67224,NA,57095,50623,102014,,,,,,
8425,,11.06.2024,Landkreis Alb-Donau-Kreis,156165,100104,2956,525109,220147,54670,NA,63855,15957,41995,,,,,,
8426,,11.06.2024,Landkreis Biberach,161507,102028,2876,633442,245437,45602,NA,67551,17975,52679,,,,,,
8435,,11.06.2024,Landkreis Bodenseekreis,173121,108804,2406,916439,268501,94346,20425,130921,47591,108727,,,,,,
8436,,11.06.2024,Landkreis Ravensburg,227062,141692,3877,872755,283555,68190,NA,135128,45673,83574,,,,,,
8437,,11.06.2024,Landkreis Sigmaringen,105712,63951,2799,341408,167938,30550,NA,35960,11138,NA,,,,,,
7311,,09.06.2024,Frankenthal (Pfalz),35831,19502,479,801682,154915,100533,0,48097,18224,128842,NA,,NA,NA,NA,
7311,,26.05.2019,Frankenthal (Pfalz),36863,18960,459,738985,262875,156459,31197,111706,39643,71287,NA,,NA,NA,NA,
7312,,09.06.2024,Kaiserslautern,71555,38437,1137,1959422,421910,434535,89258,298370,80903,387387,NA,,NA,0,247059,
7312,,26.05.2019,Kaiserslautern,76226,38746,1000,1949270,434945,504385,107643,377253,121598,208990,NA,,NA,43182,0,
7111,,09.06.2024,Koblenz,84107,50784,1010,2652042,733759,481128,101244,512765,107982,277411,NA,,NA,79641,232857,
7111,,26.05.2019,Koblenz,86471,49917,933,2585329,672441,512321,97083,630423,107197,171869,NA,,NA,94906,122316,
7313,,09.06.2024,Landau in der Pfalz,37695,24788,784,975511,220715,226158,36194,206468,32265,97725,NA,,NA,7293,28222,
7313,,26.05.2019,Landau in der Pfalz,37428,23560,509,962781,235944,192098,35465,252326,40952,65159,NA,,NA,19534,0,
7314,,09.06.2024,Ludwigshafen am Rhein,119784,56432,1349,3103276,851208,684321,70359,282544,115093,617850,184354,,50386,NA,57772,
7314,,26.05.2019,Ludwigshafen am Rhein,121321,56243,1340,3081856,749003,801128,137521,512552,176218,414853,0,,47162,NA,37683,
7315,,09.06.2024,Mainz,162032,102997,2179,5865915,1386818,1142660,404340,1452193,308157,349760,NA,,0,90009,202283,
7315,,26.05.2019,Mainz,162321,100522,1946,5704555,1339561,1151572,335459,1582459,340501,302604,NA,,78595,127581,0,
7316,,09.06.2024,Neustadt an der Weinstra��,41780,27543,636,1120978,274493,187118,0,160240,51319,164940,NA,,NA,NA,NA,
7316,,26.05.2019,Neustadt an der Weinstra��,42472,26447,664,1070148,270187,171740,34653,188245,71657,0,NA,,NA,NA,NA,
7317,,09.06.2024,Pirmasens,31019,16681,556,650468,261365,125612,0,31092,21219,158391,NA,,NA,0,NA,
7317,,26.05.2019,Pirmasens,32026,15219,402,597028,216937,147400,23237,39088,27471,74917,NA,,NA,19075,NA,
7318,,09.06.2024,Speyer,37884,22104,444,900688,226390,192774,31160,122121,48919,146127,NA,,NA,NA,44922,
7318,,26.05.2019,Speyer,37800,21595,417,881678,220052,209169,36424,174871,39726,76373,NA,,NA,NA,0,
7211,,09.06.2024,Trier,82917,47190,1155,2475137,638994,565355,123213,501767,112056,232178,NA,,NA,79406,94749,
7211,,26.05.2019,Trier,85355,47542,1028,2474908,594283,517761,156870,662757,131639,157117,NA,,NA,65647,39531,
7319,,09.06.2024,Worms,63895,34566,748,1650812,421480,376383,36809,132851,65980,324918,NA,,NA,NA,NA,
7319,,26.05.2019,Worms,64121,32643,631,1516024,415505,405840,38599,242747,68442,163095,NA,,NA,NA,NA,
7320,,09.06.2024,Zweibr�����,26435,15150,512,537307,159315,128912,0,53348,21112,106682,NA,,NA,13635,NA,
7320,,26.05.2019,Zweibr�����,26942,13519,369,488269,133674,134863,17099,61884,27494,44678,NA,,NA,12248,NA,
7131,,09.06.2024,Ahrweiler,102241,65752,1615,2799382,1050712,420678,56193,362630,160808,290111,NA,,NA,NA,NA,
7131,,26.05.2019,Ahrweiler,104750,66098,1576,2786591,992392,422671,85283,509691,204036,199648,NA,,NA,NA,NA,
7132,,09.06.2024,Altenkirchen,101829,63272,1592,2648580,971229,568901,60114,194597,138600,418057,NA,,NA,NA,NA,
7132,,26.05.2019,Altenkirchen,102617,61030,1527,2538872,893518,635765,89324,329493,164593,218884,NA,,NA,NA,NA,
7331,,09.06.2024,Alzey-Worms,103064,68756,1885,2931304,779664,758640,65966,286756,122966,495209,NA,,NA,NA,NA,
7331,,26.05.2019,Alzey-Worms,101975,66669,1657,2770408,737802,784598,82540,411787,162060,247348,NA,,NA,NA,NA,
7332,,09.06.2024,Bad D������r,108618,74459,1510,3208910,1014527,604408,12691,340530,157022,478321,160512,,NA,NA,NA,
7332,,26.05.2019,Bad D������r,109518,73610,1875,3154156,919482,653503,86006,496078,212239,333901,0,,NA,NA,NA,
7133,,09.06.2024,Bad Kreuznach,124582,77082,2321,3525911,1136852,771988,59673,352632,213521,488296,176439,,NA,NA,166505,
7133,,26.05.2019,Bad Kreuznach,125035,76421,1664,3519048,1104191,883525,129020,527473,238864,336138,0,,NA,NA,115458,
7231,,09.06.2024,Bernkastel-Wittlich,90443,57787,1464,2188987,845881,340739,0,182815,127469,246015,NA,,NA,NA,315098,
7231,,26.05.2019,Bernkastel-Wittlich,90656,56410,1642,2134953,789854,394547,67495,289730,179497,147886,NA,,NA,NA,0,
7134,,09.06.2024,Birkenfeld,63620,38170,1121,1426711,390713,370681,29378,81257,69838,244567,NA,,NA,NA,178075,
7134,,26.05.2019,Birkenfeld,65490,37210,1506,1373759,415827,411278,59400,150380,124740,0,NA,,NA,NA,0,
7135,,09.06.2024,Cochem-Zell,49825,33652,888,1158057,488650,227052,0,76840,50456,140386,NA,,NA,NA,NA,
7135,,26.05.2019,Cochem-Zell,50454,33722,935,1132668,476344,248106,8800,130149,63084,78581,NA,,NA,NA,NA,
7333,,09.06.2024,Donnersbergkreis,59553,39650,1200,1374104,347884,317106,0,126157,63064,249173,NA,,NA,NA,NA,
7333,,26.05.2019,Donnersbergkreis,59536,38751,1007,1312327,302560,367190,41507,175534,82372,96710,NA,,NA,NA,NA,
7232,,09.06.2024,Eifelkreis Bitburg-Pr��,80727,51250,1156,1934410,636700,320555,0,141533,74774,191891,NA,,NA,NA,568957,
7232,,26.05.2019,Eifelkreis Bitburg-Pr��,79276,50906,1441,1840072,67886,400551,47946,253561,121724,73921,NA,,NA,NA,0,
7334,,09.06.2024,Germersheim,99548,63446,1524,2666078,969565,443865,0,246037,107811,525886,NA,,NA,15842,NA,
7334,,26.05.2019,Germersheim,100022,61944,1593,2611332,813958,523579,74357,356188,150117,352787,NA,,NA,65484,NA,
7335,,09.06.2024,Kaiserslautern,82018,54594,1558,2105321,650857,408341,25588,134673,60492,368550,155095,,NA,NA,NA,
7335,,26.05.2019,Kaiserslautern,83625,54622,1314,2094682,671807,504213,81040,218413,80869,222335,0,,NA,NA,NA,
7336,,09.06.2024,Kusel,56182,38444,1121,1327855,325862,288972,0,75106,50146,246558,NA,,NA,NA,NA,
7336,,26.05.2019,Kusel,57484,37710,1002,1294693,335362,375967,48930,137144,59591,155642,NA,,NA,NA,NA,
7339,,09.06.2024,Mainz-Bingen,165980,111243,2364,5205821,1570193,1113359,68361,760205,267161,575357,NA,,NA,0,NA,
7339,,26.05.2019,Mainz-Bingen,166580,111924,2471,5224198,1580929,1191656,159506,996802,318938,401124,NA,,NA,48448,NA,
7137,,09.06.2024, Mayen-Koblenz,168190,105839,2737,4907808,1683898,1003719,82978,469484,188046,641661,NA,,NA,NA,NA,
7137,,26.05.2019, Mayen-Koblenz,170710,103034,2473,4728512,1680535,1067006,123491,736724,262431,349799,NA,,NA,NA,NA,
7138,,09.06.2024,Neuwied,142965,87489,2423,4061790,1396385,807071,73318,398787,164267,581947,232423,,NA,NA,340020,
7138,,26.05.2019,Neuwied,142407,85165,1709,3959057,1366647,899908,146161,638869,248657,340579,0,,NA,NA,0,
7140,,09.06.2024,Rhein-Hunsr������ck-,82102,55409,1595,2126448,716037,388040,39989,164999,120297,307741,NA,,NA,NA,110099,
7140,,26.05.2019,Rhein-Hunsr������ck-,83333,54943,1398,2106571,741319,465585,69084,261550,179425,157762,NA,,NA,NA,0,
7141,,09.06.2024,Rhein-Lahn-Kreis,97309,61563,1791,2575287,778521,648353,0,241171,101045,335216,NA,,NA,NA,171011,
7141,,26.05.2019,Rhein-Lahn-Kreis,98129,62530,1562,2422154,65485,679686,79927,327111,139304,190969,NA,,NA,NA,94230,
7338,,09.06.2024,Rhein-Pfalz-Kreis,121441,81583,1754,3820135,1219783,774735,45593,453847,202705,678862,NA,,NA,NA,NA,
7338,,26.05.2019,Rhein-Pfalz-Kreis,123180,80228,1748,3741947,1147629,800678,110491,680022,253482,430943,NA,,NA,NA,NA,
7337,,09.06.2024,S������dliche Weins,90367,62649,1649,2429810,773726,482026,0,275283,90956,357125,NA,,NA,NA,NA,
7337,,26.05.2019,S������dliche Weins,90418,62288,1569,2405450,758874,506092,66619,375304,137081,229467,NA,,NA,NA,NA,
7340,,09.06.2024,S������dwest,78016,56562,1640,2129338,700147,465187,0,136625,104035,336194,143452,,NA,NA,NA,
7340,,26.05.2019,S������dwest,79699,56187,1977,2114603,696783,497109,64120,212900,140279,235361,0,,NA,NA,NA,
7235,,09.06.2024,Trier-Saarburg,121440,81103,2383,3612929,1261518,716682,75884,349264,154083,281100,NA,,NA,NA,291469,
7235,,26.05.2019,Trier-Saarburg,120231,79944,2410,3631834,1278247,732917,118369,548126,181092,221710,NA,,NA,NA,0,
7233,,09.06.2024,Vulkaneifel,49713,32718,831,1123439,461663,198658,0,70934,58092,137429,NA,,NA,NA,173206,
7233,,26.05.2019,Vulkaneifel,49611,31083,1021,1012302,410117,187234,30360,127068,75301,35574,NA,,NA,NA,0,
7143,,09.06.2024,Westerwaldkreis,159474,103493,2810,4778844,1828294,886607,94785,394442,186525,702655,NA,,NA,NA,189676,
7143,,26.05.2019,Westerwaldkreis,160627,101193,2605,4654771,1697206,968603,152162,606486,313134,403515,NA,,NA,NA,0,
6431,,14.03.2021,,213577,109849,4626,6982806,2616673,1390283,211908,1274117,505570,564413,,,,,90063,
6432,,14.03.2021,,232193,124129,4608,8051003,2062490,2595811,275278,1471598,483884,481957,,,,93134,206963,
6433,,14.03.2021,,202345,91294,4433,5884344,1513971,1714915,,1081263,272623,437530,,,,133479,338147,
6434,,14.03.2021,,177919,100694,3214,6629708,2325859,907714,196350,1525936,739057,394490,,,34646,39456,466200,
6435,,14.03.2021,,324054,159986,6799,12629852,3311596,3894819,427918,1967737,791822,1162077,,,,155014,,
6436,,14.03.2021,,181065,100140,3090,7485257,2789785,1207559,273439,1661931,600643,463360,,,,66563,,
6437,,14.03.2021,,76983,40865,1439,1858435,427106,621767,65483,217854,99479,119002,,,,,,
6438,,14.03.2021,,265881,130292,5934,10308189,3267712,1913434,392326,2270000,889523,709869,,,44233,122420,475197,
6439,,14.03.2021,,147332,82985,3026,4640774,1539028,977409,168497,915881,325978,356643,,,,,,
6440,,14.03.2021,,240133,128577,5952,9433349,3097564,1952403,344012,1795828,610583,651867,,88740,55546,34949,801857,
6531,,14.03.2021,,208650,108324,3957,8057159,2038973,1693646,,1719114,428791,601046,,,,152217,,
6532,,14.03.2021,,196324,92155,4089,6721091,2022508,1675820,241186,952443,368852,603552,,49235,,174592,,
6533,,14.03.2021,,134949,70280,2574,4426047,1624399,1094590,114994,603660,287542,316846,,,,,,
6534,,14.03.2021,,188777,97808,3396,7243681,1903254,2212818,475519,1160617,326216,494196,,,,,321398,
6535,,14.03.2021,,86182,48394,1939,2595632,864073,642351,103933,254555,161895,213491,,,,,317794,
6631,,14.03.2021,,174831,98295,3364,7198624,3173873,886006,,865393,471346,722635,,,,119204,219350,
6632,,14.03.2021,,96650,52061,1862,2858852,737295,1062392,63899,263713,157727,236767,,,,13358,141838,
6633,,14.03.2021,,192642,96548,3990,7187406,1739741,2921281,278678,1015323,291288,435000,,,,,,
6634,,14.03.2021,,145827,80352,3578,5146331,1162487,1791018,145032,601824,353806,351991,,,44185,,306324,
6635,,14.03.2021,,126210,66323,2247,4244462,1195705,1083177,114592,610694,357377,296601,,,,,,
6636,,14.03.2021,,82123,45938,1896,2484096,755378,814599,100843,328247,99254,129383,,,,,256392,
6411,,14.03.2021,,115119,62960,2024,4206676,655198,704054,310302,1152072,234412,192121,,0,0,90363,79349,
6412,,14.03.2021,,512034,230690,9203,19908702,4361942,3385017,1572333,4894339,1515646,902412,,0,123772,361932,162122,
6413,,14.03.2021,,94827,33698,1305,2149125,388842,609634,183044,389921,134243,157005,,0,46472,34986,91382,
6414,,14.03.2021,,209338,87466,3554,6500768,1526427,1320540,402776,1390846,675048,423597,,0,0,51398,163963,
6611,,14.03.2021,,147462,64452,2765,4185028,802551,1028529,469800,1201167,236057,233609,,0,0,41169,94443,
6411,,06.03.2016,,114875,54961,1792,3641979,663756,627350,247347,1080537,191465,335356,,0,67256,11471,0,
6412,,06.03.2016,,502107,195770,8192,16908244,4075690,4023354,1356066,2583267,1273458,1508851,,46047,142227,235832,94031,
6413,,06.03.2016,,89524,29481,1483,1757329,422864,436337,127280,255509,167123,158327,,0,29636,8385,48142,
6414,,06.03.2016,,207552,90081,3803,6667126,1646683,1726107,416542,938103,656040,856353,,0,72072,0,94012,
6611,,06.03.2016,,150033,64157,2520,4189694,867865,1234378,445187,754369,235697,459707,,0,67251,0,125240,
6431,,06.03.2016,,212006,100957,4721,6433825,2126094,1538236,199127,714780,444886,1024167,,0,62363,0,304173,
6432,,06.03.2016,,230302,112504,5231,7276264,1957220,2321829,265430,983714,450508,939596,,0,93042,0,264925,
6433,,06.03.2016,,197438,85142,5075,5405729,1308584,1829011,271029,548657,229458,713827,,0,75826,0,215635,
6434,,06.03.2016,,178008,93945,3757,6158969,2098614,1107331,194767,850940,697981,687885,,0,0,0,476998,
6435,,06.03.2016,,320453,157100,8865,12065419,3266870,4068057,400518,1004284,689834,1763847,,107740,53342,0,607050,
6436,,06.03.2016,,180077,94679,3606,7011099,2359138,1444597,264729,993556,649547,889789,,0,0,0,400273,
6437,,06.03.2016,,76664,39839,1893,1783933,379931,626186,66295,135914,106824,224453,,0,0,0,0,
6438,,06.03.2016,,262257,119459,6530,9480285,3075021,2254011,317823,1134056,691174,1391789,,0,120575,0,339735,
6439,,06.03.2016,,145940,77583,3430,4293682,1515227,1035862,137369,481670,291454,576178,,0,0,0,255922,
6440,,06.03.2016,,236024,121955,7218,8850417,2696260,2480686,291709,798693,504697,1079156,,192778,80834,0,671678,
6531,,06.03.2016,,205517,102573,4770,7553816,1825296,2156195,347496,813803,384907,1091178,,0,128403,0,806538,
6532,,06.03.2016,,197094,87791,4468,6064694,1894774,1811182,194609,503006,325892,608555,,121563,0,0,605113,
6533,,06.03.2016,,134353,67270,2867,4064594,1569958,1135067,135823,286513,244215,382573,,0,0,0,310445,
6534,,06.03.2016,,189127,92072,3850,6720075,1827756,2349806,440100,639562,260128,839358,,0,61017,0,302348,
6535,,06.03.2016,,87044,49576,2422,2462005,875021,781913,98043,189845,114334,141965,,0,0,0,260884,
6631,,06.03.2016,,173644,94696,3613,6631007,3085017,1027276,183197,534629,365226,950025,,0,0,0,0,
6632,,06.03.2016,,97416,52496,2507,2803700,840508,1033376,77617,166497,144005,348310,,0,0,0,193387,
6633,,06.03.2016,,192647,100032,5212,7151760,1628627,3171087,278122,618357,291616,788439,,0,0,0,375512,
6634,,06.03.2016,,146477,81741,4171,5048785,1201117,1953935,138843,368620,317362,517054,,0,42448,0,509406,
6635,,06.03.2016,,127941,64506,2618,4054936,1135410,1259746,105132,333378,281031,457876,,0,26090,0,456273,
6636,,06.03.2016,,83418,44611,2492,2367732,726145,988691,107007,179504,116114,0,,0,0,0,250271,
9161,,15.03.2020,,101101,46259,1343,2039491,546260,356432,90090,310736,72150,155453,,,NA,NA,160734,
9162,,15.03.2020,,1110571,544464,12937,40408200,9986014,8884562,1319464,11762516,1420194,1559476,,,NA,528949,1008400,
9163,,15.03.2020,,46511,22076,628,847522,308084,105392,27446,212281,22786,52425,,,NA,NA,89861,
9171,,15.03.2020,,88891,50537,1674,2546921,1022888,369334,NA,336328,75778,145531,,,NA,NA,354718,
9172,,15.03.2020,,85623,48735,2094,2443892,928915,188471,NA,489140,42303,117203,,,NA,NA,529014,
9173,,15.03.2020,,101402,60031,2430,3059444,1050388,216643,52146,637677,65370,117651,,,NA,NA,693352,
9174,,15.03.2020,,118608,69933,2436,4253906,1661476,512091,57928,704399,90886,238838,,,NA,NA,458936,
9175,,15.03.2020,,109901,69689,2243,3738104,1504167,396353,70966,913424,142299,154932,,,NA,NA,349139,
9176,,15.03.2020,,103642,69032,2643,3520837,1401639,452685,66597,333085,62127,NA,,,NA,NA,657697,
9177,,15.03.2020,,108631,69780,1764,3656720,1468824,297297,47969,623491,88082,285246,,,NA,NA,689824,
9178,,15.03.2020,,136358,79422,2855,4752856,1193823,344576,123147,1054320,137424,283724,,,NA,NA,944870,
9179,,15.03.2020,,169026,98361,3169,6058483,2251194,623227,105898,1459070,204001,232819,,,NA,NA,717574,
9180,,15.03.2020,,70875,43949,1822,2177978,727697,155558,27094,324194,48064,59107,,,NA,NA,510813,
9181,,15.03.2020,,93285,61544,2018,3134268,1195193,251362,NA,803888,66891,59391,,,NA,32350,265715,
9182,,15.03.2020,,79990,49395,1986,2544890,918471,213063,21250,490943,70500,NA,,,NA,NA,423203,
9183,,15.03.2020,,92837,53905,1762,2717354,1056484,237821,51658,351284,72489,215031,,,NA,NA,NA,
9184,,15.03.2020,,266677,159426,4264,10043583,3675667,1323608,180220,2621889,432414,462450,,,NA,NA,1046112,
9185,,15.03.2020,,76831,46924,1776,2319213,813643,228230,38394,301194,56732,NA,,,NA,NA,778362,
9186,,15.03.2020,,100624,62983,2196,3214937,1032700,403393,NA,390357,109458,225419,,,NA,NA,614972,
9187,,15.03.2020,,209105,128239,4485,7749568,2881247,546513,118375,1503954,149943,492901,,,NA,NA,851489,
9188,,15.03.2020,,106006,66143,2020,3466463,1176831,313614,28947,1034550,270648,50058,,,NA,NA,469500,
9189,,15.03.2020,,143654,87231,3838,5082436,1999419,474755,68233,957988,79586,227863,,,NA,NA,674241,
9190,,15.03.2020,,107499,70369,2909,3587108,1221157,395826,38108,625471,73146,179552,,,NA,NA,228502,
9261,,15.03.2020,,55579,26686,942,1008718,221923,80918,26611,255909,65523,58363,,,NA,NA,108626,
9262,,15.03.2020,,42395,20958,777,797789,174461,184842,21096,133695,33845,29622,,,NA,NA,48545,
9263,,15.03.2020,,37431,16487,443,566507,263694,68497,14117,70060,10064,36277,,,NA,NA,65367,
9271,,15.03.2020,,96037,56343,2015,2813897,1165711,279929,NA,254179,44378,229649,,,NA,NA,537613,
9272,,15.03.2020,,65747,45159,1997,2233703,780977,209467,NA,145741,65936,145023,,,NA,NA,265604,
9273,,15.03.2020,,95216,58542,2334,2958359,1007934,329792,NA,306902,99865,158859,,,NA,NA,444317,
9274,,15.03.2020,,127132,79545,3661,4594226,1147781,368876,54506,481511,171305,302478,,,NA,NA,1348866,
9275,,15.03.2020,,159441,97183,4748,5627571,2056852,598193,NA,501640,115128,479486,,,NA,NA,683338,
9276,,15.03.2020,,64074,40517,2126,1983962,655732,346152,NA,165827,56296,181863,,,NA,NA,243248,
9277,,15.03.2020,,98598,58314,2352,2870748,1142157,262068,NA,351430,38833,165598,,,NA,NA,383398,
9278,,15.03.2020,,81831,54640,1889,2748597,1210445,218369,NA,180720,126841,153591,,,NA,NA,599063,
9279,,15.03.2020,,77607,45699,1856,2262578,701757,258727,NA,146357,63321,159776,,,NA,NA,378226,
9361,,15.03.2020,,33956,15538,399,537561,228702,74153,NA,61189,12775,NA,,,NA,NA,39046,
9362,,15.03.2020,,115502,60653,1697,2749673,706299,335877,81438,596555,91331,122239,,,NA,50677,162385,
9363,,15.03.2020,,34213,17750,528,615805,208609,160034,16111,60754,31912,38359,,,NA,NA,28329,
9371,,15.03.2020,,84233,55230,2055,2772374,1083684,446419,37530,260171,144604,NA,,,NA,NA,463980,
9372,,15.03.2020,,105971,71115,3160,3557724,1052782,216991,39214,183638,56682,200819,,,NA,NA,393972,
9373,,15.03.2020,,107285,69448,2241,3393943,1399511,361908,66018,404532,71504,109912,,,NA,NA,810214,
9374,,15.03.2020,,77304,55447,1983,2785759,1107425,494879,22937,192743,72242,143023,,,NA,NA,399838,
9375,,15.03.2020,,154939,103028,3596,6048369,2042243,563401,53108,814726,181793,370687,,,NA,NA,1745200,
9376,,15.03.2020,,120453,76408,2891,3777740,1444141,624496,61480,307351,36549,216374,,,NA,NA,527657,
9377,,15.03.2020,,59952,42687,1697,1826394,767445,243562,NA,163721,43106,NA,,,NA,NA,383908,
9461,,15.03.2020,,58367,32415,830,1248996,284866,202386,NA,337777,34935,60486,,,NA,28407,42510,
9462,,15.03.2020,,58945,29677,779,1132322,272966,200766,19389,204138,59558,44367,,,NA,NA,173532,
9463,,15.03.2020,,32268,17467,520,606073,123599,141585,19728,93396,25934,20342,,,NA,NA,NA,
9464,,15.03.2020,,34778,17138,459,580685,210432,143548,14807,67128,15061,28159,,,14114,NA,77693,
9471,,15.03.2020,,119335,80094,2723,3991353,1551836,522438,57705,524871,102182,321358,,,NA,NA,475276,
9472,,15.03.2020,,85531,59966,2682,2990670,859131,411022,NA,375277,100817,118867,,,NA,NA,544719,
9473,,15.03.2020,,71165,43369,1587,2202971,669579,446235,42256,235391,49287,120595,,,NA,NA,426027,
9474,,15.03.2020,,93398,63932,2314,3234424,1130646,377273,NA,588990,105010,109776,,,NA,NA,621001,
9475,,15.03.2020,,78392,51407,2112,2589985,1055070,530159,21683,200650,33925,159431,,,NA,NA,358320,
9476,,15.03.2020,,55762,36501,1742,1510418,562952,297213,NA,124092,NA,78125,,,NA,NA,255354,
9477,,15.03.2020,,59787,39753,1588,1656787,542270,313254,26077,180651,55420,94713,,,NA,NA,325082,
9478,,15.03.2020,,55108,34451,1346,1431791,550703,222823,NA,165981,NA,86378,,,NA,NA,214802,
9479,,15.03.2020,,59184,36542,1240,1547054,594648,383585,NA,137408,10606,112538,,,NA,NA,308269,
9561,,15.03.2020,,32551,16321,443,569954,158260,73377,NA,77395,7018,36126,,,NA,NA,40844,
9562,,15.03.2020,,83064,47933,944,2157544,653213,469139,NA,482542,98818,79170,,,NA,NA,85211,
9563,,15.03.2020,,98567,47786,930,2071280,387028,883937,126872,413494,52612,121933,,,NA,NA,85404,
9564,,15.03.2020,,389547,183123,4125,11438137,3584755,2943118,449450,2283958,241329,650369,,,NA,194693,324475,
9565,,15.03.2020,,32531,17129,361,601996,215338,151450,17501,143111,22537,NA,,,NA,NA,52059,
9571,,15.03.2020,,148376,93761,4100,5327706,2131612,616399,136738,877128,193549,NA,,,NA,NA,1092559,
9572,,15.03.2020,,109100,72182,2424,3771897,1291705,496380,73551,779422,95609,183152,,,NA,NA,683184,
9573,,15.03.2020,,96363,59302,1753,3132591,1225789,517188,82045,575353,92904,197095,,,NA,NA,375062,
9574,,15.03.2020,,136161,86950,2733,5267455,1631768,715435,104775,1028313,132826,272283,,,NA,NA,1166213,
9575,,15.03.2020,,81253,53376,2412,2581232,999723,335391,57032,348245,32100,38153,,,NA,NA,409448,
9576,,15.03.2020,,101778,62712,2121,3148678,1070089,667328,54536,502503,129104,138797,,,NA,NA,541933,
9577,,15.03.2020,,75481,46709,1807,2329132,1029915,372990,49996,350693,74174,NA,,,NA,NA,350747,
9661,,15.03.2020,,53901,25776,864,964024,292986,261075,NA,201325,48921,51708,,,NA,NA,NA,
9662,,15.03.2020,,39206,17686,527,691902,264005,121493,41181,98488,17793,57801,,,NA,NA,49589,
9663,,15.03.2020,,102743,55041,1420,2475099,723965,228207,130182,803815,85980,94806,,,NA,NA,152964,
9671,,15.03.2020,,139025,84829,3175,4803703,1908607,644314,68231,860169,189384,308186,,,NA,NA,699942,
9672,,15.03.2020,,85359,55110,2173,2717576,1134020,315061,52879,401555,59474,134120,,,NA,NA,333578,
9673,,15.03.2020,,64560,42988,1772,2031296,935086,166925,50294,284734,60380,NA,,,NA,NA,421863,
9674,,15.03.2020,,69354,46685,2007,2262239,799453,337029,46902,239985,140652,NA,,,NA,NA,386383,
9675,,15.03.2020,,73212,47190,2123,2302678,699861,226291,NA,295900,59554,121965,,,NA,NA,614710,
9676,,15.03.2020,,100253,61944,2617,3030027,1012878,348964,54528,494583,160762,NA,,,NA,NA,562632,
9677,,15.03.2020,,102953,68978,3241,3334038,1080451,436170,54255,545792,68886,130434,,,NA,NA,615232,
9678,,15.03.2020,,93265,62185,2098,3172513,1321809,567314,74440,447257,61670,197209,,,NA,NA,502814,
9679,,15.03.2020,,131074,89274,3243,5308814,2037053,728192,115041,1084409,148633,239741,,,NA,NA,836615,
9761,,15.03.2020,,214110,97013,2079,5127607,1653781,734066,189034,1198090,117201,337834,,,NA,76557,230952,
9762,,15.03.2020,,34068,16347,599,547298,174134,36561,9945,103395,19985,19527,,,NA,NA,84495,
9763,,15.03.2020,,52821,23249,734,889615,235572,82212,8589,170428,41423,60624,,,NA,NA,193739,
9764,,15.03.2020,,32235,14473,351,484549,127314,81694,13099,62734,22017,25928,,,NA,NA,58478,
9771,,15.03.2020,,106348,68014,2633,3524347,1454023,385216,NA,542273,85424,287621,,,NA,NA,404818,
9772,,15.03.2020,,199126,118496,4298,7063479,3004912,667104,102131,1247642,184841,501142,,,NA,NA,1166493,
9773,,15.03.2020,,76064,44533,2102,2191369,702099,215347,21478,240874,81372,120818,,,NA,NA,391444,
9774,,15.03.2020,,97014,55031,2116,2746552,1023512,267756,41179,417314,157305,229725,,,NA,NA,426677,
9775,,15.03.2020,,134915,63679,2850,3435712,1329076,366506,66934,620674,123079,NA,,,NA,NA,667843,
9776,,15.03.2020,,65289,36048,1774,1706564,555911,164759,26268,372433,71044,53994,,,NA,NA,233785,
9777,,15.03.2020,,111201,70818,2610,3518285,1419897,222172,14275,645070,73988,180497,,,NA,NA,650516,
9778,,15.03.2020,,115486,70432,2544,3522130,1102349,244735,18117,482288,73932,261376,,,NA,NA,875846,
9779,,15.03.2020,,106828,71700,3293,3563193,1290169,423455,49089,457125,41723,168510,,,NA,NA,331251,
9780,,15.03.2020,,126138,77007,2989,4399102,1524716,206665,20936,857954,128202,120245,,,NA,NA,996987,
